Datos Medidos,Datos Predichos
45.0,43.85000043395248
44.0,43.9253562086555
43.0,43.07770663117905
46.0,42.32192341668666
43.0,44.67664277874685
44.0,42.38616744727604
42.0,43.2175507667953
42.0,41.699912409481314
39.0,41.64379770798744
42.0,39.39956748952227
43.0,41.6327398916699
42.0,42.42173113448923
40.0,41.70434091613487
40.0,40.216599297102995
40.0,40.18083773030866
41.0,40.173998574144484
39.0,40.916637917491435
41.0,39.430669108534865
41.0,40.93938336196106
39.0,41.003382571360696
39.0,39.43785713138006
40.0,39.45536633417446
39.0,40.14539910129845
40.0,39.41687336020568
39.0,40.14894827237358
39.0,39.40579611967936
39.0,39.42915122829432
40.0,39.40192115148468
39.0,40.08214761377507
39.0,39.3036653320908
40.0,39.292583922796005
39.0,40.14106013035145
39.0,39.297076750128326
37.0,39.297551010200834
41.0,37.81609804872406
39.0,40.7658552528012
38.0,39.284395805890256
40.0,38.54431344858432
40.0,40.0413266047145
40.0,40.08138896871689
41.0,39.98708479727324
41.0,40.764252632644585
41.0,40.757851822099276
41.0,40.73358410506433
42.0,40.76311454240212
42.0,41.48909863098336
41.0,41.52900037015389
43.0,40.80663397033184
42.0,42.25905528359681
45.0,41.440186599928474
42.0,43.76949073429104
39.0,41.472687981618684
40.0,39.24323325191369
39.0,39.944917335919996
39.0,39.14723362250514
37.0,39.19780683196431
39.0,37.79614886921806
38.0,39.207706957600976
40.0,38.4831757662927
40.0,39.99920261468465
39.0,40.039175611118615
41.0,39.19850757351658
41.0,40.708789344043964
39.0,40.71333111133258
40.0,39.218120944281694
38.0,39.99638985575944
38.0,38.473957947691495
40.0,38.41860493791055
40.0,39.94100390933657
43.0,39.93774049887605
41.0,42.259424276128485
41.0,40.697830539475845
41.0,40.65347572286283
41.0,40.54128426319088
42.0,40.53663893246792
39.0,41.35955904190745
39.0,39.07981861511794
40.0,39.08906595689505
39.0,39.85178062667875
39.0,39.065441374384406
41.0,39.1435499370743
39.0,40.635636799403684
38.0,39.04752843427776
41.0,38.42318390491086
41.0,40.6494227574103
42.0,40.63322058981744
43.0,41.40778959727605
42.0,42.177494174316145
41.0,41.38170707214629
40.0,40.64837539344053
41.0,39.94987121796017
40.0,40.68380169360305
40.0,39.922269078453866
39.0,39.97074566952158
40.0,39.235139012849345
41.0,39.94106667351954
40.0,40.730879943898394
40.0,39.90905337685693
39.0,39.96103418815149
36.0,39.18832285513955
36.0,36.82789688540112
38.0,36.88916566694126
39.0,38.44470921361432
38.0,39.159996333633906
39.0,38.396376183059715
38.0,39.195079272100536
37.0,38.387424425896164
38.0,37.64104871619414
39.0,38.43862325619612
38.0,39.164697865525135
39.0,38.46187344755429
37.0,39.21207734308714
38.0,37.624349281805976
40.0,38.36518319855412
41.0,39.8108782151694
40.0,40.519521120209255
42.0,39.84220440521445
41.0,41.360076558142644
41.0,40.65094341225156
40.0,40.56063878960282
39.0,39.82118293686584
40.0,39.022105190476736
39.0,39.76068454924018
40.0,39.06374073968914
38.0,39.840455449594906
38.0,38.308875791311976
40.0,38.35176863303343
39.0,39.7907789811966
39.0,39.022365448505994
38.0,39.154066123056865
40.0,38.36982061605936
38.0,39.817022385831436
37.0,38.379178451393145
39.0,37.60915210510592
38.0,39.18520998551812
38.0,38.42130593334209
37.0,38.41962764846682
38.0,37.70407526808517
38.0,38.398355176363424
39.0,38.401417900474186
40.0,39.09754582234942
39.0,39.84819366028511
39.0,39.08040788816807
38.0,39.09807991995725
38.0,38.337262236451686
39.0,38.291872694149994
38.0,39.07460406992663
37.0,38.28803547925802
38.0,37.49544665435203
37.0,38.26909136411298
39.0,37.491768985325066
39.0,39.03720709931167
37.0,39.02306739924646
38.0,37.5078975217312
39.0,38.25281265565227
38.0,39.00233860309854
37.0,38.2574646539526
38.0,37.54159653363751
38.0,38.27011363792787
39.0,38.23961098757822
38.0,38.96398237902472
38.0,38.305699555192824
37.0,38.338085717088774
38.0,37.54221482118552
38.0,38.274470790865095
39.0,38.29755471028401
38.0,39.06799846130704
39.0,38.36053950818643
39.0,39.00477392204329
38.0,38.98006644174463
38.0,38.24631895326839
37.0,38.25316275229968
36.0,37.501575074951134
37.0,36.72839715082009
36.0,37.48961881853386
37.0,36.80941627931517
37.0,37.5541632611197
37.0,37.52424473824881
39.0,37.462205973319875
62.0,39.029020844183336
56.0,56.33466752029793
61.0,51.815578278546866
81.0,55.58290536159266
67.0,70.64004109547386
47.0,59.684365893532174
42.0,44.697692316113844
42.0,41.11329159192676
40.0,40.92839128977437
41.0,39.63134992602398
40.0,40.97561228043245
41.0,40.330194128054
43.0,40.80972886707366
40.0,42.080727480750625
43.0,39.731544296244344
41.0,42.067080613941265
40.0,40.89209123565963
40.0,39.950759034876
41.0,40.137660140151084
41.0,41.190039041372756
39.0,41.04022657873548
38.0,39.45308029365187
39.0,38.8209133559319
37.0,39.59131612536093
40.0,38.24959185997677
39.0,40.75716367288263
40.0,39.735429856828674
39.0,40.119357629007226
41.0,39.27177782534522
39.0,40.65900070318758
39.0,39.13493242916934
41.0,39.08370419140153
39.0,40.59667504655159
40.0,39.07706364924622
39.0,39.88256884974443
39.0,39.160076788757245
39.0,39.076649936598685
40.0,39.08140196963796
41.0,39.82655544066041
41.0,40.54909119282051
40.0,40.61842051046381
39.0,39.95554699597966
40.0,39.10253347691778
37.0,39.865502220464215
38.0,37.745897248205495
38.0,38.434999417939515
39.0,38.39569711574831
37.0,39.115878383234296
37.0,37.656505712638854
39.0,38.14054073988898
37.0,39.47456405879063
38.0,37.98538491912053
39.0,39.16726912747711
39.0,39.69609318416044
39.0,39.24758496435347
39.0,39.16906414772697
40.0,39.088467091499346
40.0,39.855129994707035
42.0,39.86104842262147
39.0,41.31024935529889
37.0,39.32420438431455
36.0,37.79384005698361
35.0,36.93128651517371
38.0,36.24682365060664
35.0,38.4481209126153
37.0,36.14254135600419
37.0,37.59768630479438
36.0,37.6201452534952
35.0,36.78438176652532
37.0,36.030579012127504
38.0,37.484611348468285
36.0,38.285217344100666
37.0,36.76507819310045
37.0,37.593197201842806
36.0,37.60609305267995
36.0,36.77719102956949
36.0,36.765801058042115
37.0,36.805741741756385
39.0,37.506818640209495
38.0,39.107673592373416
38.0,38.326569060604974
39.0,38.27442975911635
38.0,38.96442547111563
39.0,38.11892497810331
37.0,38.87114486078701
39.0,37.44726078678049
36.0,38.96509846836514
38.0,36.706485594758334
42.0,38.239789809721444
39.0,41.21924924684577
40.0,38.9130840137653
42.0,39.74788223618807
40.0,41.16728646825763
39.0,39.612205586371836
40.0,38.935184539598076
39.0,39.736918702154945
40.0,38.903040308358
38.0,39.698242816959244
37.0,38.25997642857329
39.0,37.52310864273959
42.0,38.99602667193006
39.0,41.27456232349135
39.0,38.9944968064099
40.0,39.0473676226081
36.0,39.83857510089968
38.0,36.680518043950165
61.0,38.29090985959486
37.0,55.72049858914093
37.0,37.49563943181918
37.0,37.5303172252022
35.0,37.54166738377185
38.0,35.59099919026166
39.0,38.314890970364424
37.0,39.22821318097351
37.0,37.69564704319956
37.0,37.542459314572056
38.0,37.522801063003065
38.0,38.16494803477716
39.0,38.28680304113984
37.0,39.03885235949723
36.0,37.4082809013656
37.0,36.70262649899571
36.0,37.87332253437074
38.0,36.67109616189701
37.0,38.24264394500537
39.0,37.45392343028624
38.0,38.9018795507766
38.0,38.406949042190504
38.0,38.496553996984886
37.0,38.2923422916245
39.0,37.420995556239205
41.0,38.94149202295954
82.0,40.471949857909294
41.0,71.38432377291113
41.0,40.53766665544807
39.0,40.40090761026743
39.0,38.86030622342323
39.0,38.31890593988887
40.0,38.95354518086164
38.0,40.14948535841175
40.0,38.71196410047126
40.0,39.82534847133776
39.0,39.75016345830485
39.0,38.97454217248062
37.0,39.036235603870445
37.0,37.47588582541382
38.0,37.46480620074099
37.0,38.410093954935576
38.0,38.28821968097051
38.0,38.405981238481175
37.0,38.37530821034074
36.0,37.5068493603669
38.0,36.85011259419431
40.0,38.60766036079422
37.0,40.39030468470096
36.0,38.17816593297366
36.0,36.82004658026714
38.0,36.8243563795049
37.0,38.19127804244631
36.0,37.47220524488545
37.0,36.80469157792176
36.0,37.52356658221062
38.0,36.649354977293925
36.0,38.28959815343008
38.0,36.732059186984266
35.0,38.23554219418111
39.0,36.04102048490876
38.0,38.900307663428926
39.0,38.18446167061124
37.0,38.93869690399482
36.0,37.43439830862831
36.0,36.606315113159226
38.0,36.640780865686345
37.0,38.412356041191934
37.0,37.51481249965531
38.0,37.51176855914834
39.0,38.223672089827396
36.0,38.86884697300379
37.0,36.71967117387405
39.0,37.43871506335893
38.0,38.9949796888421
37.0,38.96327202447198
36.0,37.53782180139146
38.0,36.769170859899816
38.0,38.213759283545954
35.0,38.169778904296
36.0,35.91849832407716
38.0,36.7275934419548
36.0,38.104570833877
39.0,36.864605185488955
38.0,39.03670529976339
39.0,38.26532484823323
39.0,39.117040072508594
41.0,38.88781062919188
39.0,40.41941073150208
40.0,38.95480333340637
40.0,39.64979454196533
41.0,39.69879020054426
38.0,40.41860388825762
39.0,38.170100816740984
38.0,38.92336769988181
38.0,38.186105248556615
39.0,38.18592340247421
38.0,38.96800985955591
38.0,38.12594778411169
39.0,38.21625962565057
39.0,38.94204894910191
36.0,38.91309879821772
37.0,36.648668896754224
38.0,37.48899145075002
36.0,38.17107850123379
34.0,36.715964664901215
39.0,35.24387285938932
38.0,39.08581160916365
41.0,38.195091988871866
42.0,40.568820366270934
49.0,41.32304895404694
61.0,46.558761213504326
58.0,55.54873302758901
62.0,53.224677261622254
54.0,56.2412092417414
53.0,50.16824424497772
48.0,49.20792896550105
41.0,45.504223482562466
38.0,40.40107108368729
45.0,38.37043505803605
52.0,43.581574883820785
43.0,48.90399158636204
40.0,42.27128283845464
39.0,39.9382276408683
44.0,39.015914559349326
41.0,42.57099604754255
39.0,40.61943546949676
39.0,39.5076771478977
39.0,39.44543930237415
39.0,39.372176026189784
39.0,39.340574291772135
40.0,39.44343003711889
39.0,40.391110325971916
39.0,39.595260202379286
39.0,39.58673766396097
41.0,39.68134226379066
41.0,41.234708778512086
41.0,40.98579282930168
39.0,40.84862092244985
42.0,39.13591205909393
39.0,41.46417532486038
40.0,39.22361862370353
39.0,40.007949268082264
39.0,39.176504896831005
41.0,39.06053399250202
39.0,40.624784072404324
39.0,39.107902016793176
41.0,39.1386582510508
41.0,40.587699842764
39.0,40.566155670319894
39.0,39.02437095893469
39.0,39.1405712219916
40.0,39.200751115810355
40.0,39.896088609765464
40.0,39.885209846931836
39.0,39.99609790201903
39.0,39.18209403470158
40.0,39.23924315353054
42.0,39.93816404000231
40.0,41.57299646875825
40.0,40.401383343506986
40.0,40.34202897948017
41.0,40.29746846679697
40.0,40.868998768614674
45.0,40.1023836026029
38.0,43.81911193620377
37.0,38.41355854543468
37.0,37.50672876894977
72.0,37.74446297692213
37.0,64.2132704421802
37.0,37.82559496800719
39.0,37.794340891763
39.0,39.257653465005774
38.0,38.748850295163585
38.0,38.49038466406724
39.0,38.70819098960225
37.0,39.42570391923153
39.0,37.596511074488966
37.0,39.11953958812588
41.0,37.65121717794483
40.0,40.84026117270099
39.0,39.8763388437764
39.0,39.0684121778873
40.0,39.07861513299929
41.0,40.42451510454911
39.0,40.631266452640915
39.0,39.18127224293542
41.0,39.081926332936455
67.0,40.58457156924703
39.0,60.36993605574697
39.0,39.48966721799556
37.0,39.18374582924522
71.0,37.466346918014835
37.0,62.817925842249466
38.0,37.53865737333344
37.0,38.59787059826144
40.0,37.895243187699876
41.0,39.31998976979446
39.0,40.56570146177614
38.0,39.37728121971185
39.0,38.67082791520418
40.0,39.077928049720484
38.0,39.803781002851636
40.0,38.35819022703111
38.0,40.40757468535653
38.0,38.40094491501822
39.0,38.357871857280436
41.0,39.09453855752896
39.0,41.14019729022073
39.0,39.52873487883987
39.0,39.49904078458306
40.0,39.17053611266506
37.0,39.78597961185552
43.0,37.95751587892189
37.0,42.522107080492255
35.0,37.6182398103403
36.0,35.943405213248965
40.0,37.506374234530135
40.0,39.73017194639581
39.0,39.84223655969317
42.0,39.126312316276454
40.0,41.39455761536759
42.0,39.73474707295637
39.0,41.26340299293972
40.0,38.97403938181593
39.0,39.886288157424836
39.0,39.02420269904699
41.0,38.97521429320732
40.0,40.773450595961954
42.0,40.12496263769939
41.0,41.31350667330518
40.0,40.509163451199775
42.0,39.76238140908439
41.0,41.552815966478974
41.0,40.592028719979446
40.0,40.57354114974729
41.0,39.86914825134377
39.0,41.050519883405094
38.0,39.11530552795223
38.0,38.32171404766302
40.0,38.32403829673423
39.0,40.47977518310981
39.0,39.10823138785617
38.0,39.1656892533726
38.0,38.316400527090856
39.0,38.47256282152974
38.0,39.12648273042973
40.0,38.35058976111541
39.0,39.93453032091376
42.0,39.267823175613294
60.0,41.40796727535193
62.0,54.941768780384024
44.0,56.619128726108286
40.0,42.82860518962449
40.0,39.82317767537214
39.0,39.50151846917536
38.0,38.78603580705826
38.0,38.47190837362002
37.0,38.732595229241504
40.0,37.77804690492038
42.0,39.853169327974115
41.0,41.328369826626115
43.0,40.68319839908417
40.0,42.128635499605664
39.0,39.69993861514684
40.0,38.95941418943701
51.0,40.13736025968241
39.0,48.48943979434386
41.0,39.21650965571726
40.0,40.721091644245966
40.0,39.950709902598895
37.0,39.915098486248255
40.0,38.0196405846512
40.0,40.37091841982956
39.0,40.060426223282235
39.0,39.15277116670151
40.0,39.24423351762844
40.0,39.901129534651275
41.0,39.91843683267576
40.0,40.59177827889256
38.0,39.84194219506234
39.0,38.419675301932436
39.0,39.363378857233066
38.0,39.13763437781203
40.0,38.44925237382833
41.0,39.93713195392126
39.0,40.63577910825005
39.0,39.1275539902009
40.0,39.240010029230035
40.0,39.9172421503233
40.0,39.83990415303556
41.0,40.00587639359273
40.0,40.7504092570121
37.0,39.84970644902351
40.0,37.60184074692312
38.0,39.836422499614976
39.0,38.33196064872379
37.0,39.104877673559166
37.0,37.68814045757668
36.0,37.9792882254128
38.0,37.32605910095825
38.0,38.459992928332305
40.0,38.36580199927003
38.0,39.87339146283202
39.0,38.35000299573672
38.0,39.0206583062024
39.0,38.264328522901664
38.0,39.13325642094085
38.0,38.42368184948759
38.0,38.3818968410688
38.0,38.498758553582036
39.0,38.488256621451896
41.0,39.14839381063102
39.0,40.587946883939004
40.0,39.07574053854514
39.0,39.97117247329914
38.0,39.01396511417969
37.0,38.268727048164685
38.0,37.5507882142415
39.0,38.29607947377521
39.0,38.999820118675025
39.0,39.027265370183734
41.0,39.073723453936076
40.0,40.59211850023929
38.0,39.75976240548271
39.0,38.28555689056858
39.0,39.10345996752402
39.0,39.06123502367115
39.0,39.079420868465675
38.0,39.06019011098589
38.0,38.33915562761565
40.0,38.27988600547801
40.0,39.76394940250879
40.0,39.82069610955141
40.0,39.86567579183606
39.0,39.855948340760705
39.0,39.05006452257444
39.0,39.04695797681125
40.0,39.064497306805485
39.0,39.80489866052218
39.0,39.051561821483645
41.0,39.081749407592135
40.0,40.53222374198391
39.0,39.83152600258735
39.0,39.06790002421908
40.0,39.07179177368562
40.0,39.71830807652006
41.0,39.768561562474666
42.0,40.54734600761358
41.0,41.35060105394097
40.0,40.539863622201466
40.0,39.80309925204842
38.0,39.76205889740271
38.0,38.30194313995927
38.0,38.323668868589365
38.0,38.35983533974832
35.0,38.32514752704451
38.0,36.091729409682266
38.0,38.31471669457825
40.0,38.30245731540609
38.0,39.823184119704756
39.0,38.41348013942941
41.0,39.09066146784003
41.0,40.6383953782804
40.0,40.582542501103504
41.0,39.81914516365813
40.0,40.55669832643374
39.0,39.7937219693577
42.0,39.02364189249511
42.0,41.36535245478213
43.0,41.356855738339455
44.0,42.1547742272883
45.0,42.85576371729367
42.0,43.54531429464834
43.0,41.25370783932141
41.0,42.03280410364249
39.0,40.49307724063121
40.0,38.97070239205997
41.0,39.78518000667597
39.0,40.58895671499809
38.0,39.147680580049986
40.0,38.42108262088037
39.0,39.90540047853762
37.0,39.09416525830519
40.0,37.661575118945095
39.0,39.95640977791374
40.0,39.18126882392566
40.0,39.96018174325018
40.0,39.992944826283704
39.0,39.909835797220374
42.0,39.23469909096213
39.0,41.455591387212614
42.0,39.17419657044884
42.0,41.47188055137785
42.0,41.523073262844875
41.0,41.41232076682744
42.0,40.686570527837866
41.0,41.398633090075194
41.0,40.60649326111439
40.0,40.564136266175574
56.0,39.91200896463298
43.0,51.85966158334755
51.0,42.08567527053963
39.0,48.13915921208291
42.0,39.08987951196552
40.0,41.00459298761217
41.0,39.838225034099366
41.0,40.54752782347179
40.0,40.87663130204211
65.0,40.001150193697455
40.0,58.854774686105515
40.0,39.94788213896531
41.0,40.010518918306566
40.0,40.70021064027961
41.0,39.60157013809065
39.0,40.71813234101893
38.0,39.66261625522481
40.0,38.71401157875318
40.0,40.176509785984436
39.0,39.97748919374078
39.0,39.30398837505961
40.0,39.427873091799185
41.0,40.20046533900163
39.0,40.8962349577056
63.0,39.287461282941116
40.0,57.73713542554552
39.0,39.90343166071532
38.0,39.18195399269145
39.0,38.417361979634876
39.0,38.77349228000295
41.0,39.36828042756817
40.0,41.202922682566985
42.0,40.17244904909229
39.0,41.434417065976255
40.0,39.17882094667064
39.0,39.86683166220565
43.0,39.146903412199975
45.0,42.10342071546648
43.0,43.669776529829754
42.0,42.19646999411275
41.0,41.77458676074817
49.0,40.71057516159496
43.0,46.63790317598284
38.0,42.194409784102064
40.0,38.43006220606852
40.0,40.153535439990335
41.0,40.14930486985447
41.0,40.75731659670186
40.0,40.794760547924234
42.0,40.29587245230076
40.0,41.621394672796356
41.0,40.05037691018628
41.0,40.68010746800262
42.0,40.8328417541366
40.0,41.474144763196946
40.0,40.00834631971634
42.0,39.88602788601024
44.0,41.61442232107751
41.0,43.496549906194396
43.0,40.79076662805037
44.0,42.319669598970414
44.0,42.98008575086559
43.0,43.00516231061112
43.0,42.35319148482251
44.0,42.21694638547463
45.0,42.95953181229184
45.0,43.731612996978285
80.0,43.708813181209955
42.0,70.08351943196001
44.0,41.54351227914734
41.0,42.93126946925689
44.0,40.69771588225445
56.0,42.383490898556616
43.0,52.5679561005264
39.0,42.55860000647678
41.0,39.572746597656604
40.0,40.668605793800694
41.0,39.77111296341003
37.0,40.78211637033393
60.0,38.048487729873194
39.0,55.20599589914771
41.0,39.45845741925404
43.0,40.87730897779892
39.0,43.028124311116954
41.0,39.037243117580665
40.0,40.918095686905346
41.0,40.25369719680096
42.0,41.04805903862194
42.0,42.14554672162141
41.0,42.083681284915585
41.0,41.093852301556275
41.0,40.8175355561046
40.0,40.704517436175465
44.0,40.08058691382857
42.0,43.15938810486871
40.0,41.89047191746614
39.0,39.93622087246286
37.0,39.24690205359674
40.0,37.75732930531191
41.0,39.87984335164271
38.0,40.86918752392642
38.0,38.79022580049323
38.0,38.6336355086262
37.0,38.45939378713069
35.0,37.702903957332765
37.0,36.225069680828156
38.0,37.83509927129458
37.0,38.503936287054
39.0,37.99510548144632
38.0,39.40283885344888
38.0,38.58506087130698
39.0,38.46089957940768
39.0,39.219292060944994
37.0,39.32420989543871
38.0,37.785824123660525
38.0,38.55739658253203
37.0,39.18579632102067
36.0,37.642973368838085
48.0,36.94867040412254
39.0,45.862317816389904
39.0,39.26665915966466
37.0,39.41194753824644
38.0,37.659631962747035
37.0,38.03314011649815
37.0,37.6702778899792
37.0,37.60697574788469
41.0,37.651500546004605
41.0,40.675584381488605
37.0,40.963332303685036
36.0,37.57327625997437
37.0,36.8556244832653
38.0,37.549552922365365
40.0,38.274302993776914
40.0,39.85253290680439
41.0,40.09936396774165
39.0,40.56657723945352
39.0,39.15582178018838
39.0,38.992504491696984
38.0,38.95946990225811
38.0,38.41835488099302
43.0,38.443833591225875
46.0,42.126150594068434
41.0,44.47225367838288
39.0,40.6400985356834
37.0,39.02684372333016
39.0,37.369215420904645
59.0,38.79574525919793
39.0,54.11936028187192
39.0,39.24811164193667
41.0,39.18285383397463
41.0,40.561146407354244
39.0,40.14867868857258
37.0,38.970304736420005
40.0,37.67105712626795
39.0,39.91113092026714
40.0,39.01564736420573
41.0,39.8880680250852
40.0,40.741576306259766
40.0,39.84507950475099
41.0,39.84334794977575
36.0,40.485906740245326
39.0,36.77517630436804
39.0,39.434410327057854
41.0,39.158529208141346
45.0,40.59508942600923
43.0,43.62510463772684
44.0,42.04156492780607
47.0,43.15191489803302
46.0,45.28297385804051
45.0,44.326333981123355
42.0,43.48048808243228
39.0,41.366512702507784
42.0,39.04415519393683
42.0,41.26181465578524
48.0,41.27105541230807
44.0,46.05383002017223
45.0,42.94511732437991
46.0,43.601496579331375
58.0,44.33548748523416
72.0,53.29773802270402
53.0,64.03562243667784
66.0,49.75005464231083
86.0,59.54461290339955
75.0,74.4636639832353
49.0,65.93462602704247
43.0,46.772415051555924
40.0,42.310764918349214
39.0,39.73161077474051
39.0,39.028765956897445
40.0,39.890577064750396
40.0,41.00371980631668
40.0,40.542041557282545
38.0,40.18187378565588
39.0,38.50868922919795
68.0,39.53346526912134
39.0,62.051654381182274
39.0,39.495921610528086
38.0,39.76607970537399
38.0,39.3637049585176
38.0,38.81324608297903
40.0,39.11392928837136
40.0,40.80269284366185
38.0,40.65778494335168
41.0,39.224244439199346
41.0,41.67982336137038
40.0,41.41142015920084
41.0,40.320445837269645
39.0,40.82846159827308
39.0,39.20365870437277
40.0,39.03181926411361
40.0,40.37118789619619
40.0,39.86099447706212
40.0,39.93864991788762
40.0,39.99262289997119
39.0,39.898133854283394
38.0,39.42328366354607
37.0,38.925895795781145
39.0,37.86401339906836
39.0,39.21173666362743
38.0,39.31927868324617
38.0,38.55124787901672
37.0,38.52540696679934
37.0,37.83881161779211
39.0,38.03108981385189
38.0,39.46129724541136
38.0,38.637592554648656
37.0,38.61001327151515
38.0,38.084837076135365
38.0,39.06916936269368
38.0,38.67217622059859
38.0,38.86761825459855
37.0,39.29332004976543
39.0,38.27233055932606
40.0,39.2771325288424
35.0,39.918493926345185
36.0,36.25644882768658
36.0,36.900379500148404
38.0,36.72705511991502
36.0,38.264248071713
37.0,37.06395244247747
37.0,37.79850056186124
36.0,37.658991390833066
37.0,36.90093268218536
38.0,38.20020608681811
38.0,38.299600388692596
38.0,38.292343485336374
37.0,38.25443058531994
37.0,37.46725974485781
36.0,37.46242386132445
38.0,36.77319383657718
37.0,38.15427310132542
37.0,37.58059768748452
37.0,37.5162129876577
39.0,37.56379150695739
36.0,39.1302074946977
38.0,36.76751384608967
38.0,38.17502116531231
38.0,38.15907536355383
38.0,38.192532246133744
39.0,38.24671780957951
38.0,38.98885661222641
38.0,38.235216629927244
40.0,38.18432952010935
61.0,39.7071686809122
37.0,55.51127523226398
37.0,37.45134353653625
39.0,37.48866934135662
39.0,38.94581973556754
39.0,38.56846192756708
38.0,39.00637049468898
41.0,38.395156136176126
39.0,40.645369253346
39.0,38.9408700627764
40.0,38.94186988171805
41.0,39.76069531388102
39.0,40.4579304917479
39.0,38.92782915616305
41.0,38.97114263039391
41.0,40.53077840560171
40.0,40.82977746759378
39.0,39.71019668546652
39.0,39.036761692291414
40.0,39.01083235499299
40.0,39.669160615904985
37.0,39.924199657291915
40.0,37.78107620295541
39.0,39.88888168493391
39.0,38.93717147816493
42.0,38.99919595624107
39.0,41.31260041207288
41.0,39.02941225654304
41.0,40.49368716753469
43.0,40.544497499381805
45.0,42.03865837200816
40.0,43.587755985393876
41.0,39.78191900170969
39.0,40.528898686645306
42.0,38.95100879936348
41.0,41.24644224443286
40.0,40.60892849651081
39.0,39.83252138384268
40.0,39.10149261870659
42.0,39.7836669666111
40.0,41.2604866120862
39.0,40.01997076331007
38.0,39.068919210096155
39.0,38.29915047593367
39.0,39.0302381347413
39.0,39.11460435406121
40.0,39.22641626472944
40.0,39.90167397976036
39.0,39.90637689943232
39.0,39.51781359715928
38.0,39.13582999014498
37.0,38.390034865116355
37.0,37.66887626528468
37.0,37.62165643734482
38.0,37.61740777071978
38.0,38.40477643483761
36.0,38.41468639708178
37.0,36.96331252389507
39.0,37.557350076625795
39.0,39.0733568767395
39.0,39.221755003811566
41.0,39.13532005947678
39.0,40.60603947783631
37.0,39.07187888738058
39.0,37.5412941345451
39.0,39.057738605150305
38.0,39.02203873656142
36.0,38.28043683945319
39.0,36.87129592287706
37.0,39.088403182962416
36.0,37.503145847580065
36.0,36.8425278683063
35.0,36.77640651156202
39.0,35.97330279224713
38.0,39.07069222466802
37.0,38.30813024584447
40.0,37.6152434170225
42.0,39.87833546740861
40.0,41.27390328052439
40.0,39.821370415991254
39.0,39.84715559128589
40.0,39.05710147499422
38.0,39.7457438754605
40.0,38.29925679645556
37.0,39.86251170733318
39.0,37.55668837691592
42.0,39.00298299715609
39.0,41.33595408054847
36.0,39.01251955674758
38.0,36.82916133403004
38.0,38.27396732690499
40.0,38.14575381249054
46.0,39.73567960305375
45.0,44.37032055704911
40.0,43.57153569334986
39.0,39.81242097923035
38.0,38.99596589337972
39.0,38.14386847651939
39.0,38.9680859940457
39.0,39.172175874799436
39.0,39.1332221001096
39.0,39.11689322322618
40.0,39.094038642693036
42.0,39.790382648693004
47.0,41.24454235410535
50.0,45.01582105609728
46.0,47.27990788154154
47.0,44.35294874773766
42.0,45.179550420645896
39.0,41.28493842614744
37.0,38.911198890241884
39.0,37.485228327881444
39.0,39.011385910385066
37.0,39.1902636400255
37.0,37.821177736329396
47.0,37.771462326999774
50.0,45.07980527153204
45.0,47.34291998107077
49.0,43.5992952500827
62.0,46.64253474762449
52.0,56.332948704076856
41.0,48.762533185663216
38.0,40.66133913131142
36.0,38.44658979359407
36.0,36.63188578959962
35.0,36.8600927907746
35.0,36.54180373287564
38.0,36.66079381382312
39.0,38.72871320850248
36.0,39.22208893607622
36.0,36.89382995253101
37.0,36.93986477351227
35.0,37.69277676032173
37.0,36.08169565654367
37.0,37.75911439248303
36.0,37.997372704350866
37.0,37.06663835998807
40.0,37.75117208055956
47.0,40.022314504254936
47.0,45.211437563392444
47.0,45.41739314399223
44.0,45.617820836722665
61.0,43.09457376630254
44.0,55.576729949847056
66.0,42.70027609406702
40.0,59.28668537434517
40.0,39.823749119237284
40.0,39.49797683671814
38.0,39.718021991704695
39.0,38.07123953729385
38.0,39.25170784150434
40.0,38.49878806383736
40.0,40.05568116565533
39.0,39.987408179691776
40.0,39.36973219794576
38.0,40.03423092120109
38.0,38.6002232022285
37.0,38.435429589248464
36.0,37.93877966148835
37.0,36.97539657042822
38.0,38.36931881606522
37.0,38.652797819468866
37.0,37.83042664507433
38.0,37.869553269250396
38.0,38.87257271878376
40.0,38.954540748984584
40.0,40.32990609078418
38.0,40.203087560711076
40.0,38.79927875938793
38.0,40.09430269540177
38.0,38.27306362131239
36.0,38.167508513591166
37.0,36.71471957994984
38.0,37.45983794662508
38.0,38.17959485481979
39.0,38.21010359011658
42.0,39.14587693385479
38.0,41.33590112713501
43.0,38.21148971880899
41.0,42.06442049503386
41.0,40.517689576211815
45.0,40.44185433593266
38.0,43.54558696155129
39.0,38.275464107579
45.0,38.98222822326534
41.0,43.66366147253515
42.0,40.511763372722676
46.0,41.49725419987934
51.0,44.586460071223435
48.0,48.166542252625284
46.0,45.91478573593859
40.0,44.749120804350625
41.0,39.86474743413144
42.0,40.87027124890231
38.0,41.27986811688247
38.0,38.387063924501575
42.0,38.51582127793768
41.0,41.55370040330257
39.0,40.5959647966703
40.0,39.21032886947465
40.0,40.04879331865757
40.0,40.01945632223745
42.0,39.99358899026549
43.0,41.575868205453176
46.0,42.42261689016476
48.0,44.52252226374853
50.0,46.04766473785238
52.0,47.36701865104133
53.0,48.91330528790421
53.0,49.79233523654016
43.0,49.72972601180673
36.0,42.18290811761681
39.0,36.8985219844125
39.0,39.09055754068036
39.0,39.14383984414201
46.0,39.316465410719225
45.0,44.629411353022746
40.0,43.812482779359726
38.0,39.90022815567281
39.0,38.3938625529477
40.0,39.04831246613003
38.0,39.87583278130313
41.0,38.59804673389893
39.0,40.94609980896949
38.0,39.447819648316944
40.0,38.77813649783367
38.0,40.089258898891295
38.0,38.60597844118803
39.0,38.69505566629621
41.0,39.5334150587706
40.0,41.115426147819385
49.0,40.24680004370498
49.0,46.82132729233934
49.0,46.769058768116025
41.0,46.60504298796932
43.0,40.62332605153767
44.0,42.15376963967142
43.0,43.06467194872083
46.0,42.40030036293125
47.0,44.662799554820765
46.0,45.21150729366915
42.0,44.482519517375316
37.0,41.36561754348713
46.0,37.51687643990614
44.0,44.34943044258035
40.0,42.99739122976999
39.0,40.03966446598503
46.0,39.5350493995607
41.0,44.63329473191827
42.0,40.81733946433821
39.0,41.58245458304646
39.0,39.39355810806606
39.0,39.26971248644329
42.0,39.50670039200503
51.0,41.91993939783586
47.0,48.76451221206689
39.0,45.707288324401404
44.0,39.583745084428585
42.0,43.16259290544221
51.0,41.46889990027061
47.0,48.21208607164498
45.0,45.480747467152405
47.0,43.86694412024576
45.0,45.33710693584055
39.0,43.697645422599365
38.0,39.36487969946235
39.0,38.58664983669911
40.0,39.20746154875631
40.0,39.95847881726543
39.0,40.19527000567885
39.0,39.502512135998266
40.0,39.334313584714714
39.0,39.90723047933707
43.0,39.20109746500797
43.0,42.26380113729502
46.0,42.470509689093625
64.0,44.73914686107974
42.0,58.24147504803888
50.0,41.55635172451213
47.0,47.601771059189225
50.0,45.4513154084112
46.0,47.48507543724701
52.0,44.84095595939041
51.0,49.205656439150246
51.0,48.571444515065615
49.0,48.32987404469227
42.0,46.78597348742963
47.0,41.42184812590365
48.0,45.313225136006736
44.0,46.10676165079374
45.0,43.1132968425719
45.0,43.89367014664953
43.0,44.29041683089605
50.0,42.28966928604767
47.0,47.6896235240656
50.0,45.49299586765512
52.0,47.949002532724286
51.0,49.422844289364946
42.0,48.80965406935042
56.0,41.779696606967065
50.0,52.438425866556614
53.0,47.87348390401807
54.0,50.00124150230447
47.0,51.262700086635725
44.0,45.757951719555486
45.0,43.24455151490375
37.0,44.07822475532152
42.0,38.009779867851925
49.0,41.93720255845928
46.0,47.37851559864423
51.0,44.900738249778335
49.0,48.817114230633834
48.0,47.21003499083182
45.0,46.106542046989205
42.0,43.80829534141732
48.0,41.836682884181215
47.0,46.37268954606212
51.0,45.893340945254806
49.0,48.842211924335956
48.0,47.27441178236403
64.0,46.32660078073379
55.0,58.43823905411193
42.0,51.56529739846114
66.0,41.93405284892712
65.0,60.21389191283353
63.0,59.395093939072694
58.0,57.596217481009596
52.0,54.19154405263444
45.0,49.242251348814065
42.0,43.86229205706343
47.0,41.68261199733569
52.0,45.976951441252986
57.0,49.79281189288759
52.0,53.80506645205595
49.0,49.789766170815035
49.0,47.17081021080932
44.0,47.43856595932268
40.0,43.4652882133318
46.0,40.36969798451234
45.0,45.43706508580023
47.0,44.72650125608091
46.0,46.25220704265584
45.0,45.79772085145618
41.0,44.547322794242305
40.0,41.338948949161164
43.0,40.8325292644666
59.0,43.22190800114082
59.0,55.10549896219533
47.0,55.491693385777864
47.0,46.07201654670739
44.0,45.86579076804221
36.0,43.28835672278472
35.0,37.108984686239076
37.0,36.755339747075176
36.0,38.5653527372751
40.0,37.42415546163132
42.0,40.665011977886046
35.0,42.19649688017759
36.0,36.62000438256947
56.0,37.37095344464811
73.0,52.32355190666361
71.0,65.27799637265296
76.0,64.0983591762219
71.0,67.68649793375033
78.0,63.56425288038953
77.0,68.4599518763909
76.0,67.88670817375797
76.0,67.37855149407014
70.0,67.74876274605771
74.0,63.42251721473397
36.0,66.10021567479885
36.0,37.26338101439547
37.0,37.785719619105905
38.0,38.33424327901845
36.0,38.93249491277468
35.0,38.22405905147457
36.0,37.609215683978526
36.0,38.023108352481685
35.0,37.67312356661404
36.0,36.81190688943163
36.0,38.11138404789484
37.0,38.553739078836315
37.0,39.34995009058607
37.0,39.48257393498404
38.0,39.393779975603145
38.0,40.108416506194544
39.0,39.39460819898141
38.0,40.37559248893473
38.0,39.53268230325011
39.0,39.473650223889756
36.0,40.133443149272935
38.0,37.549830379263256
38.0,38.530862286360566
38.0,38.32068297712247
39.0,38.32704726029743
39.0,39.42183290336325
40.0,39.35897292426684
38.0,39.85712801984048
37.0,38.33041286102455
40.0,37.52438064751165
37.0,39.76323104767918
38.0,37.58594968947803
39.0,38.403274915529394
38.0,39.22246374702227
37.0,38.491634309022494
38.0,37.86693378949492
36.0,38.54540965683486
37.0,37.0884665975124
37.0,38.16739550918077
37.0,38.47423423541737
39.0,38.47063231844365
37.0,39.79165162752292
39.0,38.16524526788665
37.0,39.823243102202916
39.0,38.24768433419328
37.0,39.72679456481975
40.0,38.18842088675978
39.0,40.39419544188338
37.0,39.74568063788838
38.0,37.524846476809785
38.0,38.33852128252163
40.0,38.356425532904716
46.0,39.87385194975158
42.0,44.397984338365504
44.0,41.422118707215496
40.0,42.87192190410481
37.0,39.9495347296101
34.0,37.40913538149955
38.0,35.2396163773838
39.0,38.28010768130279
40.0,39.0283495644014
36.0,39.7673665325021
36.0,36.86013687016303
39.0,36.73829931798331
37.0,38.902917187033644
37.0,37.416230791241574
38.0,37.510334600216545
38.0,38.32780849192319
36.0,38.37717139478543
41.0,36.72077688234483
41.0,40.596399770013136
43.0,40.51467772998356
37.0,41.98136836596924
45.0,37.53931668700419
50.0,43.61543430252789
37.0,47.38756402339152
40.0,37.55848699760316
37.0,39.78395276679597
38.0,37.39980276134521
38.0,38.00702052998345
36.0,38.24696216120647
39.0,36.89925549196949
40.0,39.09496883116752
40.0,39.70414088073576
39.0,39.67778312798078
37.0,39.02191440173003
39.0,37.491292487927254
37.0,38.98195657434608
39.0,37.395433744084315
37.0,39.119446217267445
38.0,37.70127172337185
39.0,38.296150574381414
37.0,39.13834438266479
39.0,37.57406484977388
39.0,39.06577701292858
39.0,39.24558550883851
40.0,39.13660958162807
38.0,39.78597946767596
38.0,38.248880985712624
39.0,38.26001342592935
34.0,39.029267585098836
36.0,35.339171207951736
35.0,36.79176023782209
33.0,36.09237852410481
36.0,34.57575478716411
37.0,36.77186457068923
36.0,37.45543791790967
38.0,36.751694365365466
42.0,38.238907619811
38.0,41.29133516726065
36.0,38.16003260225998
37.0,36.69964837383954
37.0,37.57097499969112
38.0,37.38031820937574
38.0,38.235528019079446
38.0,38.40816161770461
37.0,38.22435468914864
37.0,37.44139043545724
38.0,37.46544258379542
39.0,38.19157969013696
40.0,39.07609238839473
39.0,39.66524956495375
35.0,39.02428442848152
37.0,36.13397464581653
37.0,37.40598202169518
38.0,37.353056605844756
38.0,38.1018954329902
39.0,38.246425401900694
38.0,38.9706152692086
38.0,38.20098806971955
38.0,38.26064975756145
38.0,38.31026974060408
40.0,38.183091857137974
38.0,39.742814479700556
37.0,38.24636750640976
39.0,37.50647922359519
37.0,39.00949008808801
39.0,37.46591877728665
37.0,38.884586254776316
37.0,37.475204006025024
39.0,37.47787234256207
37.0,38.9779491220638
38.0,37.50227297301099
40.0,38.27008475561928
37.0,39.69342472716807
38.0,37.452413926333854
38.0,38.19228622668527
38.0,38.19385397848332
40.0,38.25608504053178
40.0,39.681291315048625
38.0,39.69684002514067
39.0,38.180109519281004
38.0,38.83904642304736
37.0,38.18948430772522
40.0,37.43610382559854
37.0,39.69952541761289
37.0,37.51818622705035
40.0,37.53490832516332
38.0,39.74953460124288
40.0,38.199713300366824
39.0,39.66500723822837
39.0,38.97674826916913
36.0,38.94875375753016
38.0,36.63849674252277
36.0,38.21928608453429
38.0,36.75573306264527
37.0,38.203973138466694
38.0,37.5400027173655
38.0,38.281112313821254
36.0,38.28248586207292
39.0,36.78394594166343
38.0,38.93190709205299
37.0,38.18712598318842
37.0,37.50429959684828
38.0,37.48464809479601
36.0,38.23721551322862
39.0,36.74795719744725
38.0,38.98528959440294
37.0,38.232040246386674
37.0,37.47654532480266
38.0,37.470272186885374
37.0,38.277239307059226
37.0,37.44486662882654
37.0,37.453518163959
38.0,37.5027451149688
38.0,38.12810384354707
39.0,38.23420333763208
37.0,38.943639190200464
37.0,37.423762612443035
37.0,37.46991857960762
37.0,37.42712721167998
37.0,37.3811333453413
36.0,37.56829363931214
38.0,36.7077198442092
36.0,38.196712182205296
37.0,36.69788605226319
37.0,37.42921457198629
38.0,37.49017034982913
39.0,38.23741936843205
38.0,38.94860784589869
38.0,38.244621333066064
40.0,38.19961947594293
37.0,39.693018683124954
36.0,37.43202461268423
37.0,36.631774034317196
40.0,37.414982741128426
38.0,39.72956917896615
38.0,38.21932881853058
35.0,38.29059645157193
38.0,35.99929572213583
37.0,38.09784342559102
38.0,37.381824014852995
36.0,38.183695563612304
38.0,36.689852348057116
39.0,38.214851037324244
40.0,38.905799412321535
41.0,39.65688367432145
41.0,40.52898913012985
43.0,40.40942271472309
40.0,41.94154182055507
40.0,39.67386854328038
40.0,39.70106856888906
38.0,39.692697879050336
37.0,38.20034966932327
38.0,37.36102627820046
37.0,38.24795009872045
37.0,37.46360161190324
38.0,37.51857261952973
38.0,38.225585831708564
38.0,38.202620017813544
38.0,38.188582027173915
38.0,38.2254459749102
40.0,38.217115190360495
38.0,39.73009602867595
37.0,38.27748343383381
40.0,37.49960052690482
42.0,39.774164779655834
37.0,41.26962849046049
39.0,37.515540527223834
41.0,39.07330154004125
39.0,40.54374121542759
40.0,38.90824683141497
40.0,39.79999592564258
